FirstName,LastName,Email,Password
Zoe,Grady,zoe71@testexample.com,Password12345
Rasheed,Schulist,rasheed32@testexample.com,Password12345
Sidney,Vandervort,sidney7@testexample.com,Password12345
Gerhard,Fadel,gerhard.fadel@testexample.com,Password12345
Ewald,Harvey,ewald.harvey60@testexample.com,Password12345
Naomi,Bashirian,naomi_bashirian71@testexample.com,Password12345
Major,Hahn,major10@testexample.com,Password12345
Jeanette,Zemlak,jeanette.zemlak97@testexample.com,Password12345
